{
    "Gryffindor": [
        [
            0.03593772851739758
        ],
        [
            0.7965190535063763
        ],
        [
            0.55069931114082
        ],
        [
            0.35422183463648654
        ],
        [
            0.9639643056677518
        ],
        [
            -0.10030827896642168
        ],
        [
            -0.5360735378711722
        ],
        [
            -0.08228694501612535
        ],
        [
            -2.2558493380740035
        ],
        [
            2.740455307535742
        ],
        [
            -2.745145404995094
        ]
    ],
    "Hufflepuff": [
        [
            3.129172818716047
        ],
        [
            -2.9238883318935796
        ],
        [
            -0.21389435405359974
        ],
        [
            -0.9961763877848471
        ],
        [
            0.1270263812029041
        ],
        [
            -0.02285246332855725
        ],
        [
            -0.08632388091865047
        ],
        [
            0.018481592254480206
        ],
        [
            -1.1446811568767201
        ],
        [
            -2.3564616870935473
        ],
        [
            -1.901150772041856
        ]
    ],
    "Ravenclaw": [
        [
            0.9530227782482356
        ],
        [
            1.5927935643221898
        ],
        [
            0.328242715351374
        ],
        [
            1.6271594157577498
        ],
        [
            0.8927175578814693
        ],
        [
            -0.24013141530460705
        ],
        [
            0.20614905579162618
        ],
        [
            -0.12498203206181356
        ],
        [
            0.39238610701996834
        ],
        [
            -0.17992838589744123
        ],
        [
            -2.160257697388009
        ]
    ],
    "Slytherin": [
        [
            -0.986691360115009
        ],
        [
            1.4616902276534256
        ],
        [
            -1.6661748722573084
        ],
        [
            -0.8616605819782576
        ],
        [
            -0.584246574373455
        ],
        [
            0.5229208468571745
        ],
        [
            0.3816079870171389
        ],
        [
            0.31016162041620904
        ],
        [
            -0.21203692278057182
        ],
        [
            0.1444738440571647
        ],
        [
            -3.1532812035228703
        ]
    ]
}
